"","Intercept","Gau prec","Wind RW prec","PR effect"
"mean",-0.0816870084663661,56.1236333340244,1063.56177758116,0.170705777582395
"sd",0.00231452190743655,0.539598090257609,419.912065967852,0.0277733931898095
"0.025quant",-0.0862296406810429,55.1154500955343,420.628019235648,0.118067840066568
"0.5quant",-0.0816854742536339,56.1059345117791,1002.56623412225,0.170280278574808
"0.975quant",-0.0771531193658313,57.2379592142666,2042.59963745749,0.226594131268536
"mode",-0.0816854675268125,56.0332104926553,884.711143815788,0.165266646960363
